[
	{
		"file": "game:entities/animal/mammal/bear-adult",
		"op": "replace",
		"path": "/server/behaviors/9/aitasks/2/seekingRange",
		"value": 20
	},
	{
		"file": "game:entities/animal/mammal/bear-adult",
		"op": "replace",
		"path": "/server/behaviors/9/aitasks/5/seekingRange",
		"value": 20
	},
	{
		"file": "game:entities/animal/mammal/wolf-adult",
		"op": "replace",
		"path": "/server/behaviors/10/aitasks/4/seekingRange",
		"value": 7
	},
	{
		"file": "game:entities/animal/mammal/wolf-adult",
		"op": "replace",
		"path": "/server/behaviors/10/aitasks/5/seekingRange",
		"value": 7
	},
	{
		"file": "game:entities/animal/mammal/hyena-adult",
		"op": "replace",
		"path": "/server/behaviors/11/aitasks/3/seekingRange",
		"value": 7
	}
]